{"cameraMode":{"drawMode":0,"name":"Shaded","section":"Shading Mode"},"sceneLighting":false,"audioPlay":false,"sceneViewState":{"showFog":true,"showMaterialUpdate":true,"showSkybox":false,"showFlares":true,"showImageEffects":true,"showParticleSystems":true},"in2DMode":false,"pivot":{"x":0.025294063612818719,"y":-0.4896014928817749,"z":-0.009765625},"rotation":{"x":0.26097753643989565,"y":0.29247239232063296,"z":-0.08331075310707092,"w":0.91619473695755},"size":2.242079973220825,"orthographic":true}