{"cameraMode":{"drawMode":0,"name":"Shaded","section":"Shading Mode"},"sceneLighting":false,"audioPlay":false,"sceneViewState":{"showFog":true,"showMaterialUpdate":true,"showSkybox":false,"showFlares":true,"showImageEffects":true,"showParticleSystems":true},"in2DMode":false,"pivot":{"x":-0.0000013113021850585938,"y":-0.6090093851089478,"z":-0.010069787502288819},"rotation":{"x":0.17828650772571565,"y":0.34993281960487368,"z":-0.0680253878235817,"w":0.9171374440193176},"size":2.242079973220825,"orthographic":true}